{
  "AFG": {
    "country_name": "Afghanistan",
    "lat": 33,
    "lng": 65,
    "continent": "Asia"
  },
  "AGO": {
    "country_name": "Angola",
    "lat": -12.5,
    "lng": 18.5,
    "continent": "Africa"
  },
  "ALB": {
    "country_name": "Albania",
    "lat": 41,
    "lng": 20,
    "continent": "Europe"
  },
  "AND": {
    "country_name": "Andorra",
    "lat": 42.5,
    "lng": 1.5,
    "continent": "Europe"
  },
  "ARE": {
    "country_name": "United Arab Emirates",
    "lat": 24,
    "lng": 54,
    "continent": "Asia"
  },
  "ARG": {
    "country_name": "Argentina",
    "lat": -34,
    "lng": -64,
    "continent": "South America"
  },
  "ARM": {
    "country_name": "Armenia",
    "lat": 40,
    "lng": 45,
    "continent": "Asia"
  },
  "ATG": {
    "country_name": "Antigua and Barbuda",
    "lat": 17.05,
    "lng": -61.8,
    "continent": "North America"
  },
  "AUS": {
    "country_name": "Australia",
    "lat": -27,
    "lng": 133,
    "continent": "Oceania"
  },
  "AUT": {
    "country_name": "Austria",
    "lat": 47.33333333,
    "lng": 13.33333333,
    "continent": "Europe"
  },
  "AZE": {
    "country_name": "Azerbaijan",
    "lat": 40.5,
    "lng": 47.5,
    "continent": "Asia"
  },
  "BDI": {
    "country_name": "Burundi",
    "lat": -3.5,
    "lng": 30,
    "continent": "Africa"
  },
  "BEL": {
    "country_name": "Belgium",
    "lat": 50.83333333,
    "lng": 4,
    "continent": "Europe"
  },
  "BEN": {
    "country_name": "Benin",
    "lat": 9.5,
    "lng": 2.25,
    "continent": "Africa"
  },
  "BFA": {
    "country_name": "Burkina Faso",
    "lat": 13,
    "lng": -2,
    "continent": "Africa"
  },
  "BGD": {
    "country_name": "Bangladesh",
    "lat": 24,
    "lng": 90,
    "continent": "Asia"
  },
  "BGR": {
    "country_name": "Bulgaria",
    "lat": 43,
    "lng": 25,
    "continent": "Europe"
  },
  "BHR": {
    "country_name": "Bahrain",
    "lat": 26,
    "lng": 50.55,
    "continent": "Asia"
  },
  "BHS": {
    "country_name": "The Bahamas",
    "lat": 24.25,
    "lng": -76,
    "continent": "North America"
  },
  "BIH": {
    "country_name": "Bosnia and Herzegovina",
    "lat": 44,
    "lng": 18,
    "continent": "Europe"
  },
  "BLR": {
    "country_name": "Belarus",
    "lat": 53,
    "lng": 28,
    "continent": "Europe"
  },
  "BLZ": {
    "country_name": "Belize",
    "lat": 17.25,
    "lng": -88.75,
    "continent": "North America"
  },
  "BOL": {
    "country_name": "Bolivia",
    "lat": -17,
    "lng": -65,
    "continent": "South America"
  },
  "BRA": {
    "country_name": "Brazil",
    "lat": -10,
    "lng": -55,
    "continent": "South America"
  },
  "BRB": {
    "country_name": "Barbados",
    "lat": 13.16666666,
    "lng": -59.53333333,
    "continent": "North America"
  },
  "BRN": {
    "country_name": "Brunei",
    "lat": 4.690250542520776,
    "lng": 114.9151087739441,
    "continent": "Asia"
  },
  "BWA": {
    "country_name": "Botswana",
    "lat": -22,
    "lng": 24,
    "continent": "Africa"
  },
  "CAF": {
    "country_name": "Central African Republic",
    "lat": 7,
    "lng": 21,
    "continent": "Africa"
  },
  "CAN": {
    "country_name": "Canada",
    "lat": 60,
    "lng": -95,
    "continent": "North America"
  },
  "CHE": {
    "country_name": "Switzerland",
    "lat": 47,
    "lng": 8,
    "continent": "Europe"
  },
  "CHL": {
    "country_name": "Chile",
    "lat": -30,
    "lng": -71,
    "continent": "South America"
  },
  "CHN": {
    "country_name": "China",
    "lat": 35,
    "lng": 105,
    "continent": "Asia"
  },
  "CIV": {
    "country_name": "Ivory Coast",
    "lat": 8,
    "lng": -5,
    "continent": "Africa"
  },
  "CMR": {
    "country_name": "Cameroon",
    "lat": 6,
    "lng": 12,
    "continent": "Africa"
  },
  "COD": {
    "country_name": "Democratic Republic of the Congo",
    "lat": 0,
    "lng": 25,
    "continent": "Africa"
  },
  "COG": {
    "country_name": "Republic of the Congo",
    "lat": -1,
    "lng": 15,
    "continent": "Africa"
  },
  "COK": {
    "country_name": "Cook Islands",
    "lat": -21.23333333,
    "lng": -159.76666666,
    "continent": "Oceania"
  },
  "COL": {
    "country_name": "Colombia",
    "lat": 4,
    "lng": -72,
    "continent": "South America"
  },
  "COM": {
    "country_name": "Comoros",
    "lat": -12.16666666,
    "lng": 44.25,
    "continent": "Africa"
  },
  "CPV": {
    "country_name": "Cape Verde",
    "lat": 16,
    "lng": -24,
    "continent": "Africa"
  },
  "CRI": {
    "country_name": "Costa Rica",
    "lat": 10,
    "lng": -84,
    "continent": "North America"
  },
  "CUB": {
    "country_name": "Cuba",
    "lat": 21.5,
    "lng": -80,
    "continent": "North America"
  },
  "CYP": {
    "country_name": "Cyprus",
    "lat": 35,
    "lng": 33,
    "continent": "Europe"
  },
  "CZE": {
    "country_name": "Czech Republic",
    "lat": 49.75,
    "lng": 15.5,
    "continent": "Europe"
  },
  "DEU": {
    "country_name": "Germany",
    "lat": 51,
    "lng": 9,
    "continent": "Europe"
  },
  "DJI": {
    "country_name": "Djibouti",
    "lat": 11.5,
    "lng": 43,
    "continent": "Africa"
  },
  "DMA": {
    "country_name": "Dominica",
    "lat": 15.41666666,
    "lng": -61.33333333,
    "continent": "North America"
  },
  "DNK": {
    "country_name": "Denmark",
    "lat": 56,
    "lng": 10,
    "continent": "Europe"
  },
  "DOM": {
    "country_name": "Dominican Republic",
    "lat": 19,
    "lng": -70.66666666,
    "continent": "North America"
  },
  "DZA": {
    "country_name": "Algeria",
    "lat": 28,
    "lng": 3,
    "continent": "Africa"
  },
  "ECU": {
    "country_name": "Ecuador",
    "lat": -2,
    "lng": -77.5,
    "continent": "South America"
  },
  "EGY": {
    "country_name": "Egypt",
    "lat": 27,
    "lng": 30,
    "continent": "Africa"
  },
  "ERI": {
    "country_name": "Eritrea",
    "lat": 15,
    "lng": 39,
    "continent": "Africa"
  },
  "ESP": {
    "country_name": "Spain",
    "lat": 40,
    "lng": -4,
    "continent": "Europe"
  },
  "EST": {
    "country_name": "Estonia",
    "lat": 59,
    "lng": 26,
    "continent": "Europe"
  },
  "ETH": {
    "country_name": "Ethiopia",
    "lat": 8,
    "lng": 38,
    "continent": "Africa"
  },
  "FIN": {
    "country_name": "Finland",
    "lat": 64,
    "lng": 26,
    "continent": "Europe"
  },
  "FJI": {
    "country_name": "Fiji",
    "lat": -18,
    "lng": 175,
    "continent": "Oceania"
  },
  "FRA": {
    "country_name": "France",
    "lat": 46,
    "lng": 2,
    "continent": "Europe"
  },
  "FSM": {
    "country_name": "Federated States of Micronesia",
    "lat": 6.91666666,
    "lng": 158.25,
    "continent": "Oceania"
  },
  "GAB": {
    "country_name": "Gabon",
    "lat": -1,
    "lng": 11.75,
    "continent": "Africa"
  },
  "GBR": {
    "country_name": "United Kingdom",
    "lat": 54,
    "lng": -2,
    "continent": "Europe"
  },
  "GEO": {
    "country_name": "Georgia",
    "lat": 42,
    "lng": 43.5,
    "continent": "Asia"
  },
  "GHA": {
    "country_name": "Ghana",
    "lat": 8,
    "lng": -2,
    "continent": "Africa"
  },
  "GIN": {
    "country_name": "Guinea",
    "lat": 11,
    "lng": -10,
    "continent": "Africa"
  },
  "GMB": {
    "country_name": "The Gambia",
    "lat": 13.46666666,
    "lng": -16.56666666,
    "continent": "Africa"
  },
  "GNB": {
    "country_name": "Guinea-Bissau",
    "lat": 12,
    "lng": -15,
    "continent": "Africa"
  },
  "GNQ": {
    "country_name": "Equatorial Guinea",
    "lat": 2,
    "lng": 10,
    "continent": "Africa"
  },
  "GRC": {
    "country_name": "Greece",
    "lat": 39,
    "lng": 22,
    "continent": "Europe"
  },
  "GRD": {
    "country_name": "Grenada",
    "lat": 12.11666666,
    "lng": -61.66666666,
    "continent": "North America"
  },
  "GTM": {
    "country_name": "Guatemala",
    "lat": 15.5,
    "lng": -90.25,
    "continent": "North America"
  },
  "GUY": {
    "country_name": "Guyana",
    "lat": 5,
    "lng": -59,
    "continent": "South America"
  },
  "HKG": {
    "country_name": "Hong Kong",
    "lat": 22.3193,
    "lng": 114.1694,
    "continent": "Asia"
  },
  "HND": {
    "country_name": "Honduras",
    "lat": 15,
    "lng": -86.5,
    "continent": "North America"
  },
  "HRV": {
    "country_name": "Croatia",
    "lat": 45.16666666,
    "lng": 15.5,
    "continent": "Europe"
  },
  "HTI": {
    "country_name": "Haiti",
    "lat": 19,
    "lng": -72.41666666,
    "continent": "North America"
  },
  "HUN": {
    "country_name": "Hungary",
    "lat": 47,
    "lng": 20,
    "continent": "Europe"
  },
  "IDN": {
    "country_name": "Indonesia",
    "lat": -5,
    "lng": 120,
    "continent": "Asia"
  },
  "IND": {
    "country_name": "India",
    "lat": 20,
    "lng": 77,
    "continent": "Asia"
  },
  "IRL": {
    "country_name": "Ireland",
    "lat": 53,
    "lng": -8,
    "continent": "Europe"
  },
  "IRN": {
    "country_name": "Iran",
    "lat": 32,
    "lng": 53,
    "continent": "Asia"
  },
  "IRQ": {
    "country_name": "Iraq",
    "lat": 33,
    "lng": 44,
    "continent": "Asia"
  },
  "ISL": {
    "country_name": "Iceland",
    "lat": 65,
    "lng": -18,
    "continent": "Europe"
  },
  "ISR": {
    "country_name": "Israel",
    "lat": 31.5,
    "lng": 34.75,
    "continent": "Asia"
  },
  "ITA": {
    "country_name": "Italy",
    "lat": 42.83333333,
    "lng": 12.83333333,
    "continent": "Europe"
  },
  "JAM": {
    "country_name": "Jamaica",
    "lat": 18.25,
    "lng": -77.5,
    "continent": "North America"
  },
  "JOR": {
    "country_name": "Jordan",
    "lat": 31,
    "lng": 36,
    "continent": "Asia"
  },
  "JPN": {
    "country_name": "Japan",
    "lat": 36,
    "lng": 138,
    "continent": "Asia"
  },
  "KAZ": {
    "country_name": "Kazakhstan",
    "lat": 48,
    "lng": 68,
    "continent": "Asia"
  },
  "KEN": {
    "country_name": "Kenya",
    "lat": 1,
    "lng": 38,
    "continent": "Africa"
  },
  "KGZ": {
    "country_name": "Kyrgyzstan",
    "lat": 41,
    "lng": 75,
    "continent": "Asia"
  },
  "KHM": {
    "country_name": "Cambodia",
    "lat": 13,
    "lng": 105,
    "continent": "Asia"
  },
  "KIR": {
    "country_name": "Kiribati",
    "lat": 1.41666666,
    "lng": 173,
    "continent": "Oceania"
  },
  "KNA": {
    "country_name": "Saint Kitts and Nevis",
    "lat": 17.33333333,
    "lng": -62.75,
    "continent": "North America"
  },
  "KOR": {
    "country_name": "South Korea",
    "lat": 37,
    "lng": 127.5,
    "continent": "Asia"
  },
  "KWT": {
    "country_name": "Kuwait",
    "lat": 29.5,
    "lng": 45.75,
    "continent": "Asia"
  },
  "LAO": {
    "country_name": "Laos",
    "lat": 18,
    "lng": 105,
    "continent": "Asia"
  },
  "LBN": {
    "country_name": "Lebanon",
    "lat": 33.83333333,
    "lng": 35.83333333,
    "continent": "Asia"
  },
  "LBR": {
    "country_name": "Liberia",
    "lat": 6.5,
    "lng": -9.5,
    "continent": "Africa"
  },
  "LBY": {
    "country_name": "Libya",
    "lat": 25,
    "lng": 17,
    "continent": "Africa"
  },
  "LCA": {
    "country_name": "Saint Lucia",
    "lat": 13.88333333,
    "lng": -60.96666666,
    "continent": "North America"
  },
  "LIE": {
    "country_name": "Liechtenstein",
    "lat": 47.26666666,
    "lng": 9.53333333,
    "continent": "Europe"
  },
  "LKA": {
    "country_name": "Sri Lanka",
    "lat": 7,
    "lng": 81,
    "continent": "Asia"
  },
  "LSO": {
    "country_name": "Lesotho",
    "lat": -29.5,
    "lng": 28.5,
    "continent": "Africa"
  },
  "LTU": {
    "country_name": "Lithuania",
    "lat": 56,
    "lng": 24,
    "continent": "Europe"
  },
  "LUX": {
    "country_name": "Luxembourg",
    "lat": 49.75,
    "lng": 6.16666666,
    "continent": "Europe"
  },
  "LVA": {
    "country_name": "Latvia",
    "lat": 57,
    "lng": 25,
    "continent": "Europe"
  },
  "MAC": {
    "country_name": "Macao",
    "lat": 22.1987,
    "lng": 113.5439,
    "continent": "Asia"
  },
  "MAR": {
    "country_name": "Morocco",
    "lat": 32,
    "lng": -5,
    "continent": "Africa"
  },
  "MDA": {
    "country_name": "Moldova",
    "lat": 47,
    "lng": 29,
    "continent": "Europe"
  },
  "MDG": {
    "country_name": "Madagascar",
    "lat": -20,
    "lng": 47,
    "continent": "Africa"
  },
  "MDV": {
    "country_name": "Maldives",
    "lat": 3.25,
    "lng": 73,
    "continent": "Asia"
  },
  "MEX": {
    "country_name": "Mexico",
    "lat": 23,
    "lng": -102,
    "continent": "North America"
  },
  "MHL": {
    "country_name": "Marshall Islands",
    "lat": 9,
    "lng": 168,
    "continent": "Oceania"
  },
  "MKD": {
    "country_name": "Macedonia",
    "lat": 41.605929647139774,
    "lng": 21.697903375280752,
    "continent": "Europe"
  },
  "MLI": {
    "country_name": "Mali",
    "lat": 17,
    "lng": -4,
    "continent": "Africa"
  },
  "MLT": {
    "country_name": "Malta",
    "lat": 35.83333333,
    "lng": 14.58333333,
    "continent": "Europe"
  },
  "MMR": {
    "country_name": "Myanmar",
    "lat": 21.01699987377382,
    "lng": 96.50584094206152,
    "continent": "Asia"
  },
  "MNE": {
    "country_name": "Montenegro",
    "lat": 42.78903960655947,
    "lng": 19.28618172159304,
    "continent": "Europe"
  },
  "MNG": {
    "country_name": "Mongolia",
    "lat": 46,
    "lng": 105,
    "continent": "Asia"
  },
  "MOZ": {
    "country_name": "Mozambique",
    "lat": -18.25,
    "lng": 35,
    "continent": "Africa"
  },
  "MRT": {
    "country_name": "Mauritania",
    "lat": 20,
    "lng": -12,
    "continent": "Africa"
  },
  "MUS": {
    "country_name": "Mauritius",
    "lat": -20.28333333,
    "lng": 57.55,
    "continent": "Africa"
  },
  "MWI": {
    "country_name": "Malawi",
    "lat": -13.5,
    "lng": 34,
    "continent": "Africa"
  },
  "MYS": {
    "country_name": "Malaysia",
    "lat": 2.5,
    "lng": 112.5,
    "continent": "Asia"
  },
  "NAM": {
    "country_name": "Namibia",
    "lat": -22,
    "lng": 17,
    "continent": "Africa"
  },
  "NER": {
    "country_name": "Niger",
    "lat": 16,
    "lng": 8,
    "continent": "Africa"
  },
  "NGA": {
    "country_name": "Nigeria",
    "lat": 10,
    "lng": 8,
    "continent": "Africa"
  },
  "NIC": {
    "country_name": "Nicaragua",
    "lat": 13,
    "lng": -85,
    "continent": "North America"
  },
  "NIU": {
    "country_name": "Niue",
    "lat": -19.03333333,
    "lng": -169.86666666,
    "continent": "Oceania"
  },
  "NLD": {
    "country_name": "Netherlands",
    "lat": 52.5,
    "lng": 5.75,
    "continent": "Europe"
  },
  "NOR": {
    "country_name": "Norway",
    "lat": 62,
    "lng": 10,
    "continent": "Europe"
  },
  "NPL": {
    "country_name": "Nepal",
    "lat": 28,
    "lng": 84,
    "continent": "Asia"
  },
  "NRU": {
    "country_name": "Nauru",
    "lat": -0.53333333,
    "lng": 166.91666666,
    "continent": "Oceania"
  },
  "NZL": {
    "country_name": "New Zealand",
    "lat": -41,
    "lng": 174,
    "continent": "Oceania"
  },
  "OMN": {
    "country_name": "Oman",
    "lat": 21,
    "lng": 57,
    "continent": "Asia"
  },
  "PAK": {
    "country_name": "Pakistan",
    "lat": 30,
    "lng": 70,
    "continent": "Asia"
  },
  "PAN": {
    "country_name": "Panama",
    "lat": 9,
    "lng": -80,
    "continent": "North America"
  },
  "PER": {
    "country_name": "Peru",
    "lat": -10,
    "lng": -76,
    "continent": "South America"
  },
  "PHL": {
    "country_name": "Philippines",
    "lat": 13,
    "lng": 122,
    "continent": "Asia"
  },
  "PLW": {
    "country_name": "Palau",
    "lat": 7.5,
    "lng": 134.5,
    "continent": "Oceania"
  },
  "PNG": {
    "country_name": "Papua New Guinea",
    "lat": -6,
    "lng": 147,
    "continent": "Oceania"
  },
  "POL": {
    "country_name": "Poland",
    "lat": 52,
    "lng": 20,
    "continent": "Europe"
  },
  "PRK": {
    "country_name": "North Korea",
    "lat": 40,
    "lng": 127,
    "continent": "Asia"
  },
  "PRT": {
    "country_name": "Portugal",
    "lat": 39.5,
    "lng": -8,
    "continent": "Europe"
  },
  "PRY": {
    "country_name": "Paraguay",
    "lat": -23,
    "lng": -58,
    "continent": "South America"
  },
  "PSE": {
    "country_name": "Palestine",
    "lat": 31.941136622412806,
    "lng": 35.27331962288767,
    "continent": "Asia"
  },
  "QAT": {
    "country_name": "Qatar",
    "lat": 25.5,
    "lng": 51.25,
    "continent": "Asia"
  },
  "ROU": {
    "country_name": "Romania",
    "lat": 46,
    "lng": 25,
    "continent": "Europe"
  },
  "RUS": {
    "country_name": "Russia",
    "lat": 60,
    "lng": 100,
    "continent": "Europe"
  },
  "RWA": {
    "country_name": "Rwanda",
    "lat": -2,
    "lng": 30,
    "continent": "Africa"
  },
  "SAU": {
    "country_name": "Saudi Arabia",
    "lat": 25,
    "lng": 45,
    "continent": "Asia"
  },
  "SDN": {
    "country_name": "Sudan",
    "lat": 15,
    "lng": 30,
    "continent": "Africa"
  },
  "SEN": {
    "country_name": "Senegal",
    "lat": 14,
    "lng": -14,
    "continent": "Africa"
  },
  "SGP": {
    "country_name": "Singapore",
    "lat": 1.36666666,
    "lng": 103.8,
    "continent": "Asia"
  },
  "SLB": {
    "country_name": "Solomon Islands",
    "lat": -8,
    "lng": 159,
    "continent": "Oceania"
  },
  "SLE": {
    "country_name": "Sierra Leone",
    "lat": 8.5,
    "lng": -11.5,
    "continent": "Africa"
  },
  "SLV": {
    "country_name": "El Salvador",
    "lat": 13.83333333,
    "lng": -88.91666666,
    "continent": "North America"
  },
  "SMR": {
    "country_name": "San Marino",
    "lat": 43.76666666,
    "lng": 12.41666666,
    "continent": "Europe"
  },
  "SOM": {
    "country_name": "Somalia",
    "lat": 10,
    "lng": 49,
    "continent": "Africa"
  },
  "SRB": {
    "country_name": "Serbia",
    "lat": 44.1305021,
    "lng": 16.4284181,
    "continent": "Europe"
  },
  "SSD": {
    "country_name": "South Sudan",
    "lat": 7,
    "lng": 30,
    "continent": "Africa"
  },
  "STP": {
    "country_name": "São Tomé and Príncipe",
    "lat": 1,
    "lng": 7,
    "continent": "Africa"
  },
  "SUR": {
    "country_name": "Suriname",
    "lat": 4,
    "lng": -56,
    "continent": "South America"
  },
  "SVK": {
    "country_name": "Slovakia",
    "lat": 48.66666666,
    "lng": 19.5,
    "continent": "Europe"
  },
  "SVN": {
    "country_name": "Slovenia",
    "lat": 46.11666666,
    "lng": 14.81666666,
    "continent": "Europe"
  },
  "SWE": {
    "country_name": "Sweden",
    "lat": 62,
    "lng": 15,
    "continent": "Europe"
  },
  "SWZ": {
    "country_name": "eSwatini",
    "lat": -26.489855288519863,
    "lng": 31.395255902065244,
    "continent": "Africa"
  },
  "SYC": {
    "country_name": "Seychelles",
    "lat": -4.58333333,
    "lng": 55.66666666,
    "continent": "Africa"
  },
  "SYR": {
    "country_name": "Syria",
    "lat": 35,
    "lng": 38,
    "continent": "Asia"
  },
  "TCD": {
    "country_name": "Chad",
    "lat": 15,
    "lng": 19,
    "continent": "Africa"
  },
  "TGO": {
    "country_name": "Togo",
    "lat": 8,
    "lng": 1.16666666,
    "continent": "Africa"
  },
  "THA": {
    "country_name": "Thailand",
    "lat": 15,
    "lng": 100,
    "continent": "Asia"
  },
  "TJK": {
    "country_name": "Tajikistan",
    "lat": 39,
    "lng": 71,
    "continent": "Asia"
  },
  "TKM": {
    "country_name": "Turkmenistan",
    "lat": 40,
    "lng": 60,
    "continent": "Asia"
  },
  "TLS": {
    "country_name": "East Timor",
    "lat": -8.83333333,
    "lng": 125.91666666,
    "continent": "Asia"
  },
  "TON": {
    "country_name": "Tonga",
    "lat": -20,
    "lng": -175,
    "continent": "Oceania"
  },
  "TTO": {
    "country_name": "Trinidad and Tobago",
    "lat": 11,
    "lng": -61,
    "continent": "North America"
  },
  "TUN": {
    "country_name": "Tunisia",
    "lat": 34,
    "lng": 9,
    "continent": "Africa"
  },
  "TUR": {
    "country_name": "Turkey",
    "lat": 39,
    "lng": 35,
    "continent": "Asia"
  },
  "TUV": {
    "country_name": "Tuvalu",
    "lat": -8,
    "lng": 178,
    "continent": "Oceania"
  },
  "TWN": {
    "country_name": "Taiwan",
    "lat": 23.6978,
    "lng": 120.9605,
    "continent": "Asia"
  },
  "TZA": {
    "country_name": "Tanzania",
    "lat": -6,
    "lng": 35,
    "continent": "Africa"
  },
  "UGA": {
    "country_name": "Uganda",
    "lat": 1,
    "lng": 32,
    "continent": "Africa"
  },
  "UKR": {
    "country_name": "Ukraine",
    "lat": 49,
    "lng": 32,
    "continent": "Europe"
  },
  "URY": {
    "country_name": "Uruguay",
    "lat": -33,
    "lng": -56,
    "continent": "South America"
  },
  "USA": {
    "country_name": "United States",
    "lat": 38,
    "lng": -97,
    "continent": "North America"
  },
  "UZB": {
    "country_name": "Uzbekistan",
    "lat": 41,
    "lng": 64,
    "continent": "Asia"
  },
  "VCT": {
    "country_name": "Saint Vincent and the Grenadines",
    "lat": 13.25,
    "lng": -61.2,
    "continent": "North America"
  },
  "VEN": {
    "country_name": "Venezuela",
    "lat": 8,
    "lng": -66,
    "continent": "South America"
  },
  "VNM": {
    "country_name": "Vietnam",
    "lat": 16.65793775325511,
    "lng": 106.28584079705311,
    "continent": "Asia"
  },
  "VUT": {
    "country_name": "Vanuatu",
    "lat": -16,
    "lng": 167,
    "continent": "Oceania"
  },
  "WSM": {
    "country_name": "Samoa",
    "lat": -13.58333333,
    "lng": -172.33333333,
    "continent": "Oceania"
  },
  "YEM": {
    "country_name": "Yemen",
    "lat": 15,
    "lng": 48,
    "continent": "Asia"
  },
  "ZAF": {
    "country_name": "South Africa",
    "lat": -29,
    "lng": 24,
    "continent": "Africa"
  },
  "ZMB": {
    "country_name": "Zambia",
    "lat": -15,
    "lng": 30,
    "continent": "Africa"
  },
  "ZWE": {
    "country_name": "Zimbabwe",
    "lat": -20,
    "lng": 30,
    "continent": "Africa"
  }
}